country,year,co2,co2_per_capita,coal_co2,oil_co2,gas_co2,cement_co2,population
Argentina,2001,135.137,3.592,2.008,64.334,64.807,2.481,37624818.0
Argentina,2002,124.931,3.285,1.579,57.495,62.618,1.729,38029346.0
Argentina,2003,134.481,3.5,2.48,59.355,69.068,2.28,38424284.0
Argentina,2004,157.049,4.046,2.532,67.813,82.913,2.701,38815915.0
Argentina,2005,161.589,4.12,3.668,71.8,81.967,3.241,39216787.0
Argentina,2006,174.309,4.399,3.968,81.911,83.867,3.764,39622113.0
Argentina,2007,173.581,4.338,3.759,77.952,87.178,3.998,40016766.0
Argentina,2008,187.342,4.634,3.975,88.658,90.12,3.99,40424149.0
Argentina,2009,178.181,4.361,3.305,82.38,87.993,3.81,40854832.0
Argentina,2010,185.946,4.504,4.082,90.145,86.928,4.178,41288694.0
Argentina,2011,189.775,4.548,4.825,86.906,92.586,4.586,41730655.0
Argentina,2012,191.362,4.539,5.078,85.587,95.381,4.184,42161718.0
Argentina,2013,189.538,4.451,4.84,87.487,91.338,4.581,42582454.0
Argentina,2014,188.397,4.379,5.536,84.292,92.844,4.336,43024072.0
Argentina,2015,191.744,4.41,5.467,86.954,93.535,4.571,43477009.0
Argentina,2016,189.92,4.326,4.192,84.556,96.303,4.029,43900312.0
Argentina,2017,186.899,4.22,4.279,80.856,96.442,4.362,44288898.0
Argentina,2018,180.599,4.044,4.356,74.392,96.123,4.369,44654876.0
Argentina,2019,178.508,3.969,2.143,74.847,95.606,4.141,44973468.0
Argentina,2020,165.121,3.654,3.224,67.319,89.083,3.508,45191960.0
Argentina,2021,191.108,4.218,4.51,86.529,93.073,4.671,45312283.0
Argentina,2022,204.081,4.494,4.78,99.135,92.908,5.063,45407904.0
Argentina,2023,195.806,4.3,4.106,93.742,91.051,4.853,45538402.0
Brazil,2001,346.166,1.963,49.427,241.795,23.186,15.227,176301200.0
Brazil,2002,347.765,1.948,48.689,239.219,29.293,14.39,178503483.0
Brazil,2003,344.645,1.908,51.933,232.434,30.919,13.096,180622688.0
Brazil,2004,361.434,1.979,53.833,239.768,38.215,13.273,182675143.0
Brazil,2005,364.371,1.973,50.948,240.221,39.619,14.349,184688101.0
Brazil,2006,368.871,1.976,50.838,242.249,42.053,15.44,186653099.0
Brazil,2007,390.573,2.071,54.989,256.003,43.246,17.2,188552310.0
Brazil,2008,412.638,2.168,55.315,267.239,51.303,18.884,190367297.0
Brazil,2009,389.775,2.029,43.586,262.705,40.959,19.031,192079956.0
Brazil,2010,440.269,2.273,56.688,286.08,55.049,21.288,193701931.0
Brazil,2011,462.58,2.369,62.292,303.885,53.101,22.845,195284736.0
Brazil,2012,498.309,2.531,61.016,327.734,63.397,24.998,196876114.0
Brazil,2013,532.418,2.682,65.604,342.338,74.704,26.652,198478291.0
Brazil,2014,557.901,2.788,69.034,356.753,81.286,26.908,200085126.0
Brazil,2015,529.353,2.625,69.452,330.359,80.465,25.082,201675534.0
Brazil,2016,492.748,2.425,63.831,312.939,69.666,22.415,203218108.0
Brazil,2017,498.266,2.434,67.322,316.143,70.688,20.217,204703440.0
Brazil,2018,478.379,2.321,65.841,300.73,67.417,20.494,206107265.0
Brazil,2019,473.39,2.282,61.888,299.436,67.121,21.048,207455459.0
Brazil,2020,445.208,2.134,56.241,282.678,59.026,23.366,208660845.0
Brazil,2021,498.017,2.377,68.23,305.428,75.974,24.488,209550291.0
Brazil,2022,483.841,2.301,56.078,319.935,60.085,23.845,210306411.0
Brazil,2023,486.47,2.304,54.848,326.432,56.329,24.963,211140731.0
China,2001,3728.51,2.916,2637.651,659.3,67.157,270.828,1278725057.0
China,2002,4103.046,3.188,3018.637,653.086,53.993,282.688,1286866839.0
China,2003,4841.119,3.74,3601.712,727.099,60.745,353.679,1294517315.0
China,2004,5217.351,4.007,3835.288,839.093,71.521,368.396,1302100319.0
China,2005,5882.106,4.49,4424.353,850.173,84.957,411.649,1310027138.0
China,2006,6494.331,4.927,4905.367,898.534,103.753,470.087,1318054037.0
China,2007,6983.547,5.267,5289.875,927.351,129.515,514.981,1325813580.0
China,2008,7501.498,5.624,5729.473,970.118,149.674,525.924,1333821009.0
China,2009,7891.078,5.878,6028.489,982.348,164.404,583.56,1342522709.0
China,2010,8620.576,6.378,6568.743,1092.571,199.585,639.592,1351561511.0
China,2011,9532.332,7.008,7309.709,1123.859,245.99,708.564,1360250657.0
China,2012,9779.292,7.141,7464.744,1176.712,277.599,714.782,1369520865.0
China,2013,9956.329,7.22,7493.408,1234.621,320.127,748.323,1379008046.0
China,2014,9990.257,7.198,7424.993,1255.605,370.222,770.284,1387951973.0
China,2015,9863.457,7.065,7266.92,1328.805,380.052,718.559,1396134164.0
China,2016,9762.714,6.953,7071.355,1357.838,421.726,740.776,1404052626.0
China,2017,10006.343,7.085,7163.255,1430.587,486.359,753.439,1412354742.0
China,2018,10332.992,7.282,7316.367,1500.474,575.369,765.836,1419008963.0
China,2019,10713.984,7.526,7523.024,1559.728,630.171,819.965,1423520354.0
China,2020,10905.693,7.647,7679.484,1523.052,676.473,849.976,1426106083.0
China,2021,11447.913,8.026,8141.342,1521.11,765.333,843.777,1426437276.0
China,2022,11350.538,7.964,8168.899,1489.342,760.059,756.02,1425179562.0
China,2023,11902.503,8.367,8550.844,1642.827,814.783,718.017,1422584937.0
France,2001,410.445,6.852,56.01,248.684,88.274,8.655,59905130.0
France,2002,405.947,6.729,58.579,242.252,87.873,8.643,60327247.0
France,2003,411.965,6.782,59.184,244.12,91.564,8.556,60741121.0
France,2004,413.379,6.757,58.254,244.202,93.194,9.065,61175243.0
France,2005,415.795,6.747,62.071,241.28,94.908,9.108,61625030.0
France,2006,406.157,6.546,59.521,236.189,92.313,9.307,62049831.0
France,2007,396.01,6.343,61.413,226.863,89.18,9.478,62432438.0
France,2008,389.094,6.198,56.225,222.805,91.986,8.88,62780187.0
France,2009,370.876,5.877,45.205,218.919,90.679,7.679,63106461.0
France,2010,376.457,5.936,49.122,215.221,96.099,7.888,63417366.0
France,2011,354.375,5.56,42.131,208.439,87.628,8.065,63733777.0
France,2012,356.439,5.564,46.799,204.283,90.402,7.502,64058465.0
France,2013,358.703,5.571,49.56,203.476,91.016,7.3,64387736.0
France,2014,326.842,5.052,39.554,196.836,76.291,6.975,64692495.0
France,2015,331.49,5.106,38.043,198.718,81.258,6.606,64916336.0
France,2016,334.2,5.135,35.924,196.022,88.941,6.639,65086852.0
France,2017,337.101,5.164,39.939,194.975,89.163,6.483,65284775.0
France,2018,321.94,4.914,35.138,188.516,84.658,6.701,65519539.0
France,2019,315.015,4.793,29.451,186.42,85.921,6.807,65729460.0
France,2020,280.49,4.256,23.937,164.503,80.005,6.197,65905273.0
France,2021,305.607,4.625,30.505,178.538,84.289,6.495,66083547.0
France,2022,293.502,4.428,25.994,179.441,76.353,6.397,66277412.0
France,2023,272.476,4.101,19.636,174.553,66.651,6.397,66438828.0
India,2001,1000.527,0.928,582.081,316.721,53.128,46.74,1077898572.0
India,2002,1032.14,0.94,598.597,325.22,57.609,49.111,1097600381.0
India,2003,1067.737,0.956,625.89,330.615,58.565,50.88,1116802997.0
India,2004,1133.828,0.998,669.968,348.234,58.316,55.545,1135991510.0
India,2005,1194.592,1.035,721.469,352.376,59.357,59.687,1154676319.0
India,2006,1292.485,1.102,773.564,369.694,82.58,64.905,1172878890.0
India,2007,1392.506,1.17,842.477,391.897,87.956,68.333,1190676028.0
India,2008,1489.437,1.233,910.795,413.233,90.277,73.245,1207930962.0
India,2009,1612.216,1.316,983.947,432.66,112.463,81.268,1225524760.0
India,2010,1677.337,1.349,1015.983,439.5,134.121,86.029,1243481564.0
India,2011,1764.712,1.399,1074.385,460.104,136.26,91.314,1261224952.0
India,2012,1925.7,1.506,1206.452,489.814,125.605,100.237,1278674506.0
India,2013,1995.098,1.54,1276.383,496.94,110.689,107.82,1295829506.0
India,2014,2148.344,1.637,1407.057,512.465,109.467,115.825,1312277184.0
India,2015,2234.219,1.682,1449.587,556.117,106.871,117.508,1328024492.0
India,2016,2354.658,1.752,1499.401,614.597,113.622,123.281,1343944293.0
India,2017,2426.607,1.785,1551.256,632.558,118.922,121.047,1359657392.0
India,2018,2593.058,1.886,1668.318,657.084,126.201,138.965,1374659068.0
India,2019,2612.888,1.881,1661.94,676.154,128.676,143.664,1389030303.0
India,2020,2421.552,1.726,1561.799,606.045,127.994,122.908,1402617692.0
India,2021,2674.222,1.891,1767.297,621.928,133.192,149.033,1414203889.0
India,2022,2831.166,1.986,1855.854,684.057,124.009,164.323,1425423212.0
India,2023,3062.324,2.129,2032.012,717.799,132.42,177.226,1438069597.0
Indonesia,2001,317.027,1.447,64.629,164.07,61.163,18.462,219097906.0
Indonesia,2002,308.486,1.389,66.665,156.843,59.764,18.137,222088499.0
Indonesia,2003,339.357,1.508,89.49,162.447,62.662,17.811,225048004.0
Indonesia,2004,343.022,1.505,82.216,173.895,61.886,19.047,227926647.0
Indonesia,2005,347.617,1.506,94.222,174.754,54.451,18.527,230871649.0
Indonesia,2006,346.633,1.482,111.641,152.499,57.426,19.047,233951650.0
Indonesia,2007,387.858,1.636,140.066,166.225,57.078,19.567,237062339.0
Indonesia,2008,365.718,1.523,121.845,158.303,60.313,20.542,240157901.0
Indonesia,2009,398.942,1.64,128.274,181.26,64.541,19.437,243220024.0
Indonesia,2010,445.806,1.81,152.667,195.674,73.73,19.461,246305326.0
Indonesia,2011,500.725,2.007,181.281,211.329,81.553,21.1,249470029.0
Indonesia,2012,515.954,2.042,187.171,218.777,80.062,23.294,252698526.0
Indonesia,2013,489.055,1.911,164.219,229.408,64.753,24.775,255852466.0
Indonesia,2014,487.89,1.885,173.584,220.593,62.416,25.534,258877397.0
Indonesia,2015,539.149,2.059,197.815,217.063,94.253,24.558,261799249.0
Indonesia,2016,540.086,2.041,206.328,208.773,91.185,28.71,264627428.0
Indonesia,2017,556.944,2.083,221.093,218.16,84.339,28.966,267346655.0
Indonesia,2018,594.101,2.201,262.222,212.953,84.148,30.832,269951847.0
Indonesia,2019,653.792,2.399,315.401,216.541,87.91,30.156,272489379.0
Indonesia,2020,608.223,2.213,300.518,196.666,81.217,26.297,274814864.0
Indonesia,2021,619.622,2.239,303.154,202.298,83.76,27.262,276758056.0
Indonesia,2022,737.073,2.643,404.573,216.563,85.931,26.843,278830529.0
Indonesia,2023,733.224,2.608,399.051,215.932,88.657,26.004,281190068.0
Italy,2001,469.678,8.196,59.024,250.894,135.107,16.394,57305758.0
Italy,2002,477.105,8.309,60.016,256.777,135.865,16.289,57420635.0
Italy,2003,495.092,8.575,65.126,255.078,149.024,16.938,57739696.0
Italy,2004,500.686,8.606,72.217,247.92,154.662,17.408,58176735.0
Italy,2005,501.364,8.567,71.265,238.521,165.66,17.403,58519697.0
Italy,2006,495.937,8.441,70.787,236.561,162.585,17.474,58754433.0
Italy,2007,489.653,8.284,70.675,229.103,163.512,17.914,59108723.0
Italy,2008,478.126,8.027,68.139,218.698,167.142,16.127,59561686.0
Italy,2009,424.061,7.079,52.388,198.109,154.034,13.341,59904016.0
Italy,2010,435.71,7.242,58.218,193.381,164.347,13.276,60164212.0
Italy,2011,423.894,7.022,65.439,186.073,153.0,12.583,60367882.0
Italy,2012,403.441,6.665,66.959,172.424,147.714,10.071,60531522.0
Italy,2013,369.475,6.092,57.782,158.978,137.701,8.877,60653865.0
Italy,2014,349.4,5.76,55.837,157.755,121.589,8.339,60664169.0
Italy,2015,361.254,5.964,53.063,161.536,132.756,8.196,60575314.0
Italy,2016,358.144,5.922,48.302,156.137,140.792,7.68,60478103.0
Italy,2017,352.679,5.84,41.798,148.862,148.758,7.711,60390317.0
Italy,2018,349.062,5.791,39.214,152.852,143.672,7.757,60277496.0
Italy,2019,339.634,5.648,30.483,148.587,146.769,7.912,60130136.0
Italy,2020,302.602,5.051,22.129,127.651,140.816,7.059,59912763.0
Italy,2021,335.978,5.625,24.566,147.039,151.364,7.919,59729354.0
Italy,2022,340.672,5.714,31.376,157.949,137.601,7.919,59619106.0
Italy,2023,313.461,5.268,21.872,155.899,121.943,7.919,59499452.0
Mexico,2001,407.485,4.071,30.638,275.577,82.887,13.813,100099100.0
Mexico,2002,410.301,4.04,34.701,265.359,92.171,14.343,101548627.0
Mexico,2003,435.969,4.234,42.458,273.195,101.903,14.439,102978518.0
Mexico,2004,438.588,4.201,37.882,276.736,105.647,15.135,104394132.0
Mexico,2005,463.432,4.38,46.808,291.123,105.516,16.462,105811502.0
Mexico,2006,474.519,4.424,50.288,284.689,117.937,17.593,107253666.0
Mexico,2007,473.595,4.354,45.84,286.649,117.274,18.82,108774357.0
Mexico,2008,472.981,4.285,40.784,288.397,118.567,18.512,110374285.0
Mexico,2009,460.294,4.11,40.813,272.741,123.433,17.739,111999721.0
Mexico,2010,456.409,4.017,51.054,259.679,124.122,16.857,113623897.0
Mexico,2011,483.302,4.194,56.041,272.512,130.707,17.668,115243504.0
Mexico,2012,501.489,4.293,49.223,290.158,135.727,18.331,116818209.0
Mexico,2013,495.415,4.186,49.977,277.695,142.277,17.367,118343571.0
Mexico,2014,484.045,4.041,48.944,269.275,138.503,18.19,119784263.0
Mexico,2015,479.434,3.96,44.114,258.874,147.977,19.074,121072310.0
Mexico,2016,478.828,3.917,47.621,251.592,151.455,19.637,122251345.0
Mexico,2017,464.406,3.763,48.53,245.84,143.251,19.662,123400054.0
Mexico,2018,468.413,3.76,47.313,228.842,165.521,19.376,124573714.0
Mexico,2019,468.236,3.723,45.268,238.026,157.1,19.411,125762977.0
Mexico,2020,428.94,3.383,33.705,204.105,160.951,19.338,126799052.0
Mexico,2021,446.834,3.501,29.22,219.977,165.839,19.561,127648152.0
Mexico,2022,465.336,3.618,35.958,235.344,164.588,18.79,128613113.0
Mexico,2023,482.623,3.72,38.865,238.041,176.579,18.816,129739764.0
Myanmar,2001,8.856,0.193,1.565,4.869,2.224,0.152,45771140.0
Myanmar,2002,9.328,0.202,1.235,5.544,2.301,0.188,46232656.0
Myanmar,2003,9.997,0.214,0.601,6.051,3.057,0.227,46667190.0
Myanmar,2004,12.565,0.267,0.729,6.41,5.157,0.206,47068779.0
Myanmar,2005,11.555,0.244,0.586,5.252,5.457,0.214,47438362.0
Myanmar,2006,12.813,0.268,0.952,5.454,6.135,0.223,47785142.0
Myanmar,2007,12.841,0.267,0.821,5.564,6.165,0.234,48125046.0
Myanmar,2008,9.772,0.202,0.649,5.163,3.649,0.258,48390791.0
Myanmar,2009,10.207,0.21,0.608,3.866,5.423,0.256,48660458.0
Myanmar,2010,13.122,0.268,1.231,7.493,4.14,0.204,49024376.0
Myanmar,2011,15.122,0.306,1.663,7.665,5.496,0.203,49419824.0
Myanmar,2012,11.819,0.237,1.704,6.057,3.576,0.348,49837450.0
Myanmar,2013,12.722,0.253,1.143,6.789,4.203,0.429,50262658.0
Myanmar,2014,15.849,0.313,1.158,9.226,4.829,0.503,50681634.0
Myanmar,2015,21.887,0.428,0.927,9.625,10.849,0.377,51089060.0
Myanmar,2016,21.14,0.411,1.125,10.893,8.079,0.962,51495702.0
Myanmar,2017,23.63,0.455,1.554,11.454,8.464,2.091,51894938.0
Myanmar,2018,34.017,0.651,3.25,20.888,8.116,1.717,52272246.0
Myanmar,2019,33.62,0.639,3.932,19.718,7.981,1.946,52640718.0
Myanmar,2020,34.588,0.652,4.324,19.227,8.699,2.29,53016525.0
Myanmar,2021,29.6,0.554,3.195,14.762,9.046,2.557,53387102.0
Myanmar,2022,29.533,0.549,3.322,15.116,8.514,2.557,53756790.0
Myanmar,2023,30.233,0.558,3.615,15.444,8.596,2.557,54133801.0
Nigeria,2001,100.954,0.777,0.769,37.204,11.608,0.966,129862594.0
Nigeria,2002,90.479,0.678,0.674,37.573,11.889,0.842,133471994.0
Nigeria,2003,100.764,0.734,0.736,34.205,20.098,0.919,137202647.0
Nigeria,2004,95.553,0.677,0.736,30.848,20.508,0.915,141057046.0
Nigeria,2005,102.321,0.706,0.868,39.793,20.631,1.07,145017255.0
Nigeria,2006,90.987,0.61,1.059,31.979,21.618,1.296,149077333.0
Nigeria,2007,83.386,0.544,1.506,27.261,22.234,1.82,153267257.0
Nigeria,2008,90.395,0.574,3.206,33.5,20.654,3.846,157595017.0
Nigeria,2009,80.346,0.496,3.206,27.254,18.053,3.851,162049465.0
Nigeria,2010,114.533,0.687,3.206,58.743,20.197,3.856,166642887.0
Nigeria,2011,129.196,0.754,3.851,69.442,28.003,4.59,171379601.0
Nigeria,2012,114.071,0.647,5.133,55.858,28.872,6.118,176200628.0
Nigeria,2013,122.647,0.677,6.419,62.251,28.63,7.785,181049443.0
Nigeria,2014,129.276,0.695,6.419,66.604,32.676,7.75,185896917.0
Nigeria,2015,115.831,0.607,6.738,54.11,32.448,8.137,190671883.0
Nigeria,2016,123.853,0.634,7.057,60.54,34.434,8.525,195443699.0
Nigeria,2017,118.72,0.593,6.097,58.472,32.414,7.362,200254578.0
Nigeria,2018,112.612,0.549,7.141,48.434,34.339,8.525,204938753.0
Nigeria,2019,133.824,0.639,7.225,67.993,35.105,8.912,209485636.0
Nigeria,2020,129.497,0.605,6.236,64.367,35.293,10.075,213996186.0
Nigeria,2021,135.07,0.618,6.65,66.612,38.113,11.237,218529285.0
Nigeria,2022,131.568,0.59,6.112,67.714,36.506,11.237,223150906.0
Nigeria,2023,128.54,0.564,5.77,65.273,35.38,11.237,227882949.0
Pakistan,2001,105.401,0.662,8.042,55.088,37.856,4.414,159270911.0
Pakistan,2002,112.9,0.692,10.076,53.659,44.77,4.395,163222552.0
Pakistan,2003,117.462,0.703,13.165,44.213,54.912,5.171,167110250.0
Pakistan,2004,129.796,0.758,17.078,46.335,60.778,5.604,171285998.0
Pakistan,2005,133.645,0.762,15.147,48.363,63.495,6.639,175453212.0
Pakistan,2006,144.053,0.802,18.191,54.219,63.756,7.887,179682692.0
Pakistan,2007,157.678,0.855,25.384,57.877,64.952,9.465,184493230.0
Pakistan,2008,155.149,0.819,20.137,58.928,65.754,10.33,189499114.0
Pakistan,2009,155.521,0.8,18.613,58.309,66.989,11.611,194376535.0
Pakistan,2010,154.202,0.774,17.719,62.145,63.123,11.214,199239047.0
Pakistan,2011,154.801,0.76,17.316,60.504,65.959,11.022,203746069.0
Pakistan,2012,154.768,0.745,14.579,63.618,64.179,11.391,207667129.0
Pakistan,2013,151.847,0.719,13.985,61.041,63.719,11.962,211073979.0
Pakistan,2014,156.705,0.731,19.02,60.423,64.201,12.198,214264649.0
Pakistan,2015,150.59,0.693,18.206,54.377,64.406,12.704,217290885.0
Pakistan,2016,178.032,0.809,24.233,74.334,64.522,14.128,220138862.0
Pakistan,2017,218.361,0.978,41.29,83.719,77.919,14.752,223273975.0
Pakistan,2018,210.348,0.927,47.12,67.023,80.049,15.581,226928893.0
Pakistan,2019,207.622,0.9,50.529,61.91,79.284,15.437,230800909.0
Pakistan,2020,230.754,0.982,61.814,80.284,70.557,17.645,235001743.0
Pakistan,2021,247.901,1.035,63.31,95.169,70.36,18.621,239477805.0
Pakistan,2022,223.834,0.918,56.305,90.286,59.875,16.917,243700667.0
Pakistan,2023,200.667,0.811,54.056,70.899,59.314,15.971,247504504.0
Philippines,2001,70.143,0.862,16.184,50.054,0.26,3.623,81401489.0
Philippines,2002,70.069,0.844,14.103,47.038,3.265,5.553,83068887.0
Philippines,2003,70.107,0.827,14.678,45.023,4.976,5.359,84731838.0
Philippines,2004,72.663,0.841,15.953,46.5,4.76,5.416,86394513.0
Philippines,2005,73.16,0.831,18.631,41.975,6.302,6.221,88015957.0
Philippines,2006,66.279,0.74,17.509,38.649,5.21,4.88,89508993.0
Philippines,2007,70.444,0.773,21.537,36.64,7.079,5.155,91075179.0
Philippines,2008,76.979,0.83,25.106,39.227,7.449,5.168,92699093.0
Philippines,2009,75.91,0.804,23.963,38.655,7.504,5.67,94384256.0
Philippines,2010,82.598,0.857,27.768,41.596,7.068,6.056,96337126.0
Philippines,2011,83.41,0.849,30.521,38.981,7.628,6.114,98248616.0
Philippines,2012,88.119,0.88,31.933,41.434,7.314,7.218,100175512.0
Philippines,2013,95.519,0.936,39.509,41.315,6.738,7.715,102076337.0
Philippines,2014,100.784,0.971,42.032,43.212,7.086,8.155,103767129.0
Philippines,2015,111.852,1.062,45.822,49.86,6.661,9.206,105312986.0
Philippines,2016,120.987,1.134,50.683,53.548,7.632,8.804,106735723.0
Philippines,2017,134.447,1.243,60.929,55.788,7.53,9.952,108119693.0
Philippines,2018,140.785,1.286,64.171,57.4,8.405,10.603,109465284.0
Philippines,2019,143.526,1.295,68.894,55.407,8.464,10.603,110804685.0
Philippines,2020,132.232,1.18,69.303,46.301,7.676,8.804,112081271.0
Philippines,2021,141.174,1.248,74.707,49.388,6.581,10.335,113100946.0
Philippines,2022,144.898,1.271,75.345,52.925,6.158,10.335,113964342.0
Philippines,2023,154.579,1.345,83.182,55.071,5.873,10.335,114891200.0
Russia,2001,1515.647,10.373,445.476,323.3,693.223,15.863,146117290.0
Russia,2002,1506.788,10.325,424.116,314.772,702.703,17.116,145939502.0
Russia,2003,1537.018,10.542,425.963,308.711,735.376,18.666,145794231.0
Russia,2004,1543.957,10.635,416.376,309.318,743.405,20.915,145180094.0
Russia,2005,1562.577,10.806,417.916,320.02,746.183,22.256,144597888.0
Russia,2006,1623.002,11.263,437.859,335.529,766.955,24.545,144102949.0
Russia,2007,1623.781,11.287,423.047,326.463,779.354,27.645,143859769.0
Russia,2008,1652.064,11.488,451.93,343.698,779.724,23.625,143811835.0
Russia,2009,1545.034,10.739,419.075,323.009,732.688,19.746,143869130.0
Russia,2010,1632.783,11.344,419.276,333.87,794.593,22.723,143934468.0
Russia,2011,1685.91,11.704,430.352,346.176,817.72,25.129,144043751.0
Russia,2012,1701.268,11.791,445.326,353.791,807.072,26.332,144291024.0
Russia,2013,1640.437,11.344,408.194,357.04,782.85,27.281,144604102.0
Russia,2014,1639.959,11.316,397.222,385.79,775.338,26.453,144925638.0
Russia,2015,1638.675,11.277,417.405,408.673,739.506,23.171,145307611.0
Russia,2016,1634.885,11.215,405.877,403.595,753.005,20.432,145778669.0
Russia,2017,1666.121,11.397,389.27,417.49,780.664,20.512,146186800.0
Russia,2018,1712.494,11.695,401.062,395.445,828.859,20.091,146430147.0
Russia,2019,1705.031,11.636,395.101,402.824,807.388,20.306,146533063.0
Russia,2020,1632.929,11.156,367.669,384.939,784.291,20.581,146371293.0
Russia,2021,1711.993,11.739,382.146,376.578,854.064,22.158,145836172.0
Russia,2022,1802.19,12.379,428.488,386.742,887.432,22.48,145579890.0
Russia,2023,1815.925,12.486,427.636,390.757,897.26,23.224,145440504.0
South Africa,2001,371.624,7.813,337.693,25.886,4.155,3.636,47566805.0
South Africa,2002,356.523,7.425,325.528,22.449,4.122,4.205,48019414.0
South Africa,2003,404.41,8.338,357.445,39.744,2.47,4.458,48500349.0
South Africa,2004,449.307,9.171,384.086,54.238,6.364,4.335,48991420.0
South Africa,2005,416.201,8.41,376.718,27.832,6.313,5.068,49490041.0
South Africa,2006,446.77,8.936,382.017,53.08,6.126,5.333,49998272.0
South Africa,2007,465.045,9.204,392.172,59.332,7.892,5.491,50528577.0
South Africa,2008,494.698,9.678,418.3,62.765,8.119,5.343,51114595.0
South Africa,2009,474.523,9.173,390.674,71.071,7.039,5.571,51728518.0
South Africa,2010,463.0,8.845,394.437,54.458,8.867,5.045,52344045.0
South Africa,2011,465.908,8.792,389.67,62.665,8.801,4.638,52995210.0
South Africa,2012,458.965,8.534,392.821,52.183,9.255,4.633,53782569.0
South Africa,2013,458.647,8.388,392.664,51.655,9.384,4.893,54678790.0
South Africa,2014,471.965,8.489,399.204,58.756,9.043,4.911,55594838.0
South Africa,2015,446.349,7.869,377.026,53.894,9.966,5.419,56723537.0
South Africa,2016,457.09,7.983,384.493,59.049,7.815,5.691,57259550.0
South Africa,2017,439.996,7.634,369.921,57.224,7.339,5.481,57635158.0
South Africa,2018,434.581,7.414,355.115,64.823,9.12,5.466,58613000.0
South Africa,2019,464.114,7.789,394.345,55.169,9.105,5.453,59587880.0
South Africa,2020,434.067,7.167,373.889,45.408,9.644,5.071,60562374.0
South Africa,2021,425.918,6.925,355.642,56.558,8.383,5.282,61502601.0
South Africa,2022,405.312,6.498,335.074,56.434,8.484,5.282,62378419.0
South Africa,2023,401.893,6.358,329.773,57.361,9.433,5.282,63212386.0
Spain,2001,311.809,7.56,81.098,169.399,39.97,15.014,41245604.0
Spain,2002,331.95,7.95,90.917,173.921,45.027,15.53,41755702.0
Spain,2003,336.333,7.912,84.293,178.25,51.279,16.038,42506541.0
Spain,2004,353.011,8.165,87.367,183.598,58.736,16.292,43234563.0
Spain,2005,368.339,8.379,87.766,187.751,68.912,16.792,43958884.0
Spain,2006,359.654,8.047,77.952,183.443,74.012,16.745,44695446.0
Spain,2007,367.401,8.072,84.629,182.939,75.626,16.824,45516501.0
Spain,2008,335.889,7.265,59.334,173.209,82.523,14.389,46235055.0
Spain,2009,296.501,6.358,45.081,161.035,73.68,11.402,46635182.0
Spain,2010,282.938,6.04,36.352,156.339,73.623,11.197,46840470.0
Spain,2011,283.801,6.039,54.215,146.018,68.024,9.523,46998040.0
Spain,2012,278.061,5.914,63.253,134.678,65.077,8.754,47018321.0
Spain,2013,251.942,5.376,49.191,129.347,59.055,7.642,46860393.0
Spain,2014,254.181,5.441,54.142,129.902,54.251,8.897,46720186.0
Spain,2015,270.74,5.799,61.841,136.332,56.603,9.216,46683683.0
Spain,2016,259.625,5.556,45.677,140.243,57.653,9.414,46732766.0
Spain,2017,273.58,5.837,53.598,141.132,62.528,9.449,46868594.0
Spain,2018,268.59,5.703,48.081,142.101,61.842,9.667,47092817.0
Spain,2019,250.596,5.283,23.649,140.026,71.178,9.064,47435120.0
Spain,2020,211.843,4.443,14.326,118.806,64.25,8.192,47679482.0
Spain,2021,229.069,4.799,16.271,129.749,68.124,8.472,47735670.0
Spain,2022,234.657,4.906,17.872,135.101,67.501,7.715,47828386.0
Spain,2023,221.616,4.626,13.553,132.89,60.778,7.928,47911583.0
Tanzania,2001,3.041,0.086,0.205,2.473,0.0,0.362,35198302.0
Tanzania,2002,3.486,0.096,0.209,2.865,0.0,0.412,36121301.0
Tanzania,2003,3.687,0.099,0.147,3.067,0.0,0.474,37089554.0
Tanzania,2004,4.221,0.111,0.172,3.294,0.245,0.51,38109667.0
Tanzania,2005,5.356,0.137,0.081,4.056,0.678,0.541,39182083.0
Tanzania,2006,5.876,0.146,0.048,4.346,0.945,0.538,40294901.0
Tanzania,2007,5.706,0.138,0.073,3.984,1.018,0.631,41435509.0
Tanzania,2008,5.989,0.141,0.278,3.984,1.051,0.675,42570728.0
Tanzania,2009,5.807,0.133,0.216,3.602,1.242,0.747,43633977.0
Tanzania,2010,7.194,0.161,0.264,4.567,1.472,0.892,44758489.0
Tanzania,2011,8.503,0.185,0.524,5.431,1.626,0.921,46029372.0
Tanzania,2012,10.401,0.22,0.304,7.25,1.858,0.987,47374259.0
Tanzania,2013,11.273,0.231,0.19,8.296,1.868,0.913,48824134.0
Tanzania,2014,11.086,0.22,0.755,7.443,1.798,1.088,50351505.0
Tanzania,2015,12.911,0.248,1.041,8.68,1.975,1.215,52020959.0
Tanzania,2016,13.647,0.254,1.015,8.491,2.564,1.577,53824011.0
Tanzania,2017,13.682,0.246,1.363,7.979,2.712,1.627,55652888.0
Tanzania,2018,14.41,0.251,1.333,8.187,3.143,1.747,57437134.0
Tanzania,2019,16.377,0.277,1.572,8.891,3.39,2.524,59174889.0
Tanzania,2020,16.25,0.267,1.531,9.169,3.033,2.517,60972801.0
Tanzania,2021,18.267,0.291,2.074,10.226,3.448,2.519,62830413.0
Tanzania,2022,17.736,0.274,2.276,9.254,3.687,2.519,64711821.0
Tanzania,2023,18.066,0.271,2.54,9.209,3.798,2.519,66617607.0
Thailand,2001,172.267,2.706,36.81,75.165,42.534,17.47,63651139.0
Thailand,2002,184.665,2.873,39.244,78.938,46.469,19.739,64266431.0
Thailand,2003,191.088,2.946,39.903,83.86,49.47,17.49,64868164.0
Thailand,2004,207.331,3.168,44.763,91.753,52.102,18.26,65452051.0
Thailand,2005,214.325,3.246,48.333,90.839,54.462,20.236,66017415.0
Thailand,2006,215.825,3.242,51.313,87.308,55.579,21.226,66567685.0
Thailand,2007,224.083,3.339,57.803,84.633,59.253,22.01,67102389.0
Thailand,2008,224.249,3.316,62.251,78.484,63.7,19.441,67619834.0
Thailand,2009,228.836,3.359,62.403,79.822,67.513,18.68,68121076.0
Thailand,2010,241.019,3.514,64.008,80.785,77.345,18.486,68579442.0
Thailand,2011,244.878,3.549,65.35,84.609,76.017,18.206,69007211.0
Thailand,2012,262.348,3.778,68.155,90.833,83.615,18.746,69436091.0
Thailand,2013,263.754,3.776,67.149,91.381,85.504,18.914,69845115.0
Thailand,2014,272.488,3.881,73.794,91.137,87.093,19.722,70216362.0
Thailand,2015,277.099,3.928,72.142,95.218,88.912,20.024,70540790.0
Thailand,2016,284.045,4.009,73.6,98.924,87.759,23.053,70859837.0
Thailand,2017,283.348,3.982,73.824,101.146,85.289,22.388,71160184.0
Thailand,2018,288.305,4.039,78.564,102.33,84.332,22.466,71376080.0
Thailand,2019,281.877,3.941,70.06,103.652,85.27,22.304,71522265.0
Thailand,2020,271.923,3.796,74.799,96.312,78.28,21.926,71641484.0
Thailand,2021,267.142,3.724,76.648,90.92,77.923,21.151,71727340.0
Thailand,2022,272.573,3.8,69.809,105.828,75.532,20.995,71735320.0
Thailand,2023,264.389,3.687,59.327,104.343,81.075,19.248,71702438.0
Turkey,2001,213.581,3.224,84.601,78.145,32.578,15.087,66245126.0
Turkey,2002,221.226,3.299,87.32,80.255,34.766,15.513,67048793.0
Turkey,2003,236.766,3.49,92.078,81.859,43.193,16.022,67831736.0
Turkey,2004,244.769,3.568,93.453,85.843,44.368,17.207,68592621.0
Turkey,2005,264.871,3.82,102.178,84.446,54.859,19.117,69329555.0
Turkey,2006,282.368,4.031,111.676,83.084,62.166,20.841,70045352.0
Turkey,2007,313.693,4.434,126.159,87.866,72.005,22.78,70750595.0
Turkey,2008,310.622,4.341,122.958,86.88,71.548,24.85,71562344.0
Turkey,2009,316.412,4.366,130.449,83.74,71.36,27.04,72464845.0
Turkey,2010,316.193,4.311,129.772,80.523,71.655,29.977,73346766.0
Turkey,2011,342.057,4.609,135.425,84.197,86.048,31.454,74215200.0
Turkey,2012,356.107,4.736,141.827,89.728,87.094,31.372,75197195.0
Turkey,2013,347.332,4.546,125.598,94.357,86.692,33.913,76403032.0
Turkey,2014,364.028,4.665,130.464,98.998,93.537,34.498,78036154.0
Turkey,2015,384.93,4.811,139.39,108.643,96.438,34.441,80014221.0
Turkey,2016,405.95,4.972,152.272,117.847,91.852,37.528,81652086.0
Turkey,2017,430.901,5.186,158.615,120.765,104.89,39.469,83083668.0
Turkey,2018,422.059,5.0,163.563,116.358,95.751,39.413,84415966.0
Turkey,2019,402.692,4.718,165.994,114.354,83.614,32.349,85357671.0
Turkey,2020,412.927,4.796,159.296,114.069,92.29,40.813,86091691.0
Turkey,2021,452.703,5.222,166.226,119.998,115.652,44.227,86686255.0
Turkey,2022,437.305,5.023,168.425,125.125,98.903,38.253,87058470.0
Turkey,2023,432.077,4.951,157.878,131.864,97.466,38.27,87270503.0
United Kingdom,2001,577.971,9.749,153.534,198.651,210.16,5.844,59288095.0
United Kingdom,2002,560.273,9.41,141.691,196.13,207.03,5.988,59540763.0
United Kingdom,2003,571.619,9.556,153.103,194.397,208.462,5.868,59820385.0
United Kingdom,2004,573.43,9.53,147.662,197.952,211.734,5.977,60169964.0
United Kingdom,2005,570.338,9.412,148.033,200.448,205.438,5.941,60596108.0
United Kingdom,2006,567.846,9.301,160.844,197.183,194.126,5.893,61051093.0
United Kingdom,2007,559.566,9.093,150.844,196.16,196.52,6.117,61535860.0
United Kingdom,2008,544.932,8.785,139.219,188.8,202.655,5.205,62027303.0
United Kingdom,2009,494.108,7.905,113.823,180.264,188.07,3.721,62506221.0
United Kingdom,2010,511.905,8.125,118.03,179.848,201.927,3.792,63006484.0
United Kingdom,2011,469.713,7.396,117.15,172.06,168.236,4.097,63509285.0
United Kingdom,2012,487.477,7.622,148.005,170.288,158.24,3.724,63960487.0
United Kingdom,2013,477.611,7.418,142.457,165.756,157.622,4.029,64389386.0
United Kingdom,2014,438.807,6.765,115.434,166.511,144.492,4.215,64865914.0
United Kingdom,2015,422.461,6.461,91.548,170.773,147.899,4.393,65382107.0
United Kingdom,2016,399.43,6.062,47.825,173.93,165.742,4.553,65893359.0
United Kingdom,2017,387.367,5.838,39.129,174.851,161.697,4.41,66354474.0
United Kingdom,2018,379.73,5.689,33.28,173.087,161.485,4.364,66752473.0
United Kingdom,2019,364.753,5.435,24.513,168.996,159.321,4.448,67110958.0
United Kingdom,2020,326.263,4.844,22.809,143.981,149.42,3.9,67351860.0
United Kingdom,2021,344.51,5.091,23.739,151.894,158.404,4.215,67668789.0
United Kingdom,2022,313.835,4.603,19.666,149.52,134.872,4.073,68179315.0
United Kingdom,2023,305.146,4.443,17.556,154.927,123.221,3.616,68682965.0
United States,2001,5907.74,20.781,2099.728,2502.249,1198.855,41.613,284279629.0
United States,2002,5946.308,20.713,2103.809,2495.708,1237.821,43.164,287084336.0
United States,2003,6010.146,20.731,2144.086,2557.332,1201.066,43.349,289908091.0
United States,2004,6112.655,20.878,2164.412,2630.811,1204.871,45.886,292786247.0
United States,2005,6132.183,20.737,2188.337,2642.556,1186.902,46.194,295716665.0
United States,2006,6052.686,20.261,2152.56,2609.566,1173.252,46.851,298730210.0
United States,2007,6130.123,20.309,2175.033,2592.442,1247.321,45.509,301844227.0
United States,2008,5915.119,19.396,2135.89,2414.717,1252.606,41.416,304970328.0
United States,2009,5480.726,17.793,1872.386,2280.318,1231.696,29.615,308023451.0
United States,2010,5679.715,18.259,1982.954,2300.574,1290.495,31.449,311062786.0
United States,2011,5546.116,17.657,1873.284,2252.414,1310.707,32.208,314105078.0
United States,2012,5344.086,16.852,1658.491,2196.025,1372.072,35.27,317115348.0
United States,2013,5480.157,17.12,1720.408,2224.627,1410.482,36.369,320110753.0
United States,2014,5528.681,17.111,1710.594,2247.931,1435.209,39.439,323115378.0
United States,2015,5376.473,16.486,1479.145,2285.676,1476.136,39.907,326126498.0
United States,2016,5252.932,15.958,1347.943,2299.961,1481.873,39.439,329179421.0
United States,2017,5212.162,15.69,1308.716,2315.177,1460.656,40.324,332204656.0
United States,2018,5377.797,16.05,1256.631,2366.168,1619.275,38.971,335056495.0
United States,2019,5262.145,15.578,1071.666,2360.999,1675.471,40.896,337790068.0
United States,2020,4714.628,13.89,877.92,2047.544,1656.255,40.688,339436157.0
United States,2021,5032.213,14.794,1004.759,2238.883,1659.128,41.312,340161441.0
United States,2022,5078.871,14.871,942.357,2258.467,1748.499,41.418,341534041.0
United States,2023,4911.391,14.299,776.767,2250.856,1755.923,39.714,343477332.0
Vietnam,2001,60.984,0.782,24.952,25.564,2.565,6.574,77969356.0
Vietnam,2002,69.528,0.883,27.49,28.636,4.1,8.274,78772227.0
Vietnam,2003,77.262,0.971,31.974,29.501,5.206,9.366,79563778.0
Vietnam,2004,88.939,1.107,34.792,33.891,8.76,10.301,80338978.0
Vietnam,2005,95.846,1.182,39.458,33.859,9.394,11.983,81088309.0
Vietnam,2006,99.652,1.213,42.744,32.412,11.212,12.258,82167900.0
Vietnam,2007,101.43,1.213,36.463,37.357,12.479,14.063,83633377.0
Vietnam,2008,114.303,1.342,43.642,40.421,13.901,15.363,85175789.0
Vietnam,2009,124.493,1.44,45.489,43.341,15.374,19.239,86460023.0
Vietnam,2010,139.564,1.596,47.463,49.303,18.049,23.77,87455150.0
Vietnam,2011,152.56,1.724,59.547,47.178,16.279,28.223,88468314.0
Vietnam,2012,144.28,1.612,52.307,44.21,17.957,28.118,89510357.0
Vietnam,2013,151.438,1.672,56.541,43.908,18.719,30.316,90573104.0
Vietnam,2014,179.971,1.963,78.073,47.698,19.599,32.694,91679583.0
Vietnam,2015,213.311,2.298,97.818,58.913,20.463,34.298,92823254.0
Vietnam,2016,220.98,2.351,106.855,55.369,20.368,36.822,94000115.0
Vietnam,2017,227.613,2.391,108.22,57.048,17.877,42.735,95176979.0
Vietnam,2018,255.319,2.653,122.121,63.633,18.554,49.637,96237319.0
Vietnam,2019,339.147,3.49,191.443,70.808,18.906,56.538,97173778.0
Vietnam,2020,362.46,3.696,215.817,68.389,16.931,60.066,98079196.0
Vietnam,2021,313.973,3.174,172.395,64.076,14.436,62.071,98935101.0
Vietnam,2022,297.634,2.986,157.181,67.727,15.636,55.979,99680656.0
Vietnam,2023,334.726,3.336,192.077,75.601,14.475,51.314,100352189.0
