Country Name,Country Code,tree_cover_extent_2000__ha,area__ha,tree_cover_loss__year,tree_cover_loss__ha,gross_emissions_co2e_all_gases__Mg,pct_tree_cover_2000,pct_loss_vs_extent
Argentina,ARG,39069969.44,277905833.7,2001.0,147801.6797,32550580.95,14.058707915493462,0.3782999623968992
Argentina,ARG,39069969.44,277905833.7,2002.0,104934.5176,25247896.36,14.058707915493462,0.2685810076231276
Argentina,ARG,39069969.44,277905833.7,2003.0,249106.7574,48731735.68,14.058707915493462,0.6375913802096898
Argentina,ARG,39069969.44,277905833.7,2004.0,433424.5697,86305030.06,14.058707915493462,1.1093547702042943
Argentina,ARG,39069969.44,277905833.7,2005.0,367246.4166,79708050.99,14.058707915493462,0.939971087420436
Argentina,ARG,39069969.44,277905833.7,2006.0,316414.0227,73106103.44,14.058707915493462,0.8098650376113526
Argentina,ARG,39069969.44,277905833.7,2007.0,425335.8673,86998553.0,14.058707915493462,1.0886516508624124
Argentina,ARG,39069969.44,277905833.7,2008.0,592718.7566,133264861.7,14.058707915493462,1.517069926328563
Argentina,ARG,39069969.44,277905833.7,2009.0,309853.6412,70116286.51,14.058707915493462,0.7930736717771029
Argentina,ARG,39069969.44,277905833.7,2010.0,413246.0205,95353373.14,14.058707915493462,1.0577075601111603
Argentina,ARG,39069969.44,277905833.7,2011.0,499194.7438,109718858.7,14.058707915493462,1.2776942264227171
Argentina,ARG,39069969.44,277905833.7,2012.0,478179.6105,113857153.0,14.058707915493462,1.2239057704776133
Argentina,ARG,39069969.44,277905833.7,2013.0,376746.2904,87423807.46,14.058707915493462,0.964286114885684
Argentina,ARG,39069969.44,277905833.7,2014.0,241118.4405,61539540.34,14.058707915493462,0.6171451986167718
Argentina,ARG,39069969.44,277905833.7,2015.0,180227.8135,44936972.39,14.058707915493462,0.4612949948086778
Argentina,ARG,39069969.44,277905833.7,2016.0,230312.7365,59421003.74,14.058707915493462,0.5894878849436849
Argentina,ARG,39069969.44,277905833.7,2017.0,233945.0988,65046696.5,14.058707915493462,0.5987849546677302
Argentina,ARG,39069969.44,277905833.7,2018.0,172964.4366,45966267.38,14.058707915493462,0.4427043048129909
Argentina,ARG,39069969.44,277905833.7,2019.0,145459.3897,41087635.49,14.058707915493462,0.3723048463689814
Argentina,ARG,39069969.44,277905833.7,2020.0,197404.201,51442894.99,14.058707915493462,0.505258140278699
Argentina,ARG,39069969.44,277905833.7,2021.0,201896.3445,63898345.85,14.058707915493462,0.5167558290775054
Argentina,ARG,39069969.44,277905833.7,2022.0,232225.0975,75036462.48,14.058707915493462,0.5943825931490159
Argentina,ARG,39069969.44,277905833.7,2023.0,215940.8579,66700844.27,14.058707915493462,0.552702909664728
Brazil,BRA,519056655.7,850907198.5,2001.0,2746284.638,1221138975.0,61.000383662872494,0.5290914985564263
Brazil,BRA,519056655.7,850907198.5,2002.0,3506873.016,1655445016.0,61.000383662872494,0.6756243229885243
Brazil,BRA,519056655.7,850907198.5,2003.0,3248392.073,1514612805.0,61.000383662872494,0.6258261092171561
Brazil,BRA,519056655.7,850907198.5,2004.0,3848491.81,1915734936.0,61.000383662872494,0.7414396420386754
Brazil,BRA,519056655.7,850907198.5,2005.0,3486212.816,1837203778.0,61.000383662872494,0.671643986781846
Brazil,BRA,519056655.7,850907198.5,2006.0,2876675.082,1471021701.0,61.000383662872494,0.5542121559197646
Brazil,BRA,519056655.7,850907198.5,2007.0,2621699.451,1273228936.0,61.000383662872494,0.5050892657304191
Brazil,BRA,519056655.7,850907198.5,2008.0,2444092.62,1241345048.0,61.000383662872494,0.4708720316289743
Brazil,BRA,519056655.7,850907198.5,2009.0,1817715.112,930771045.2,61.000383662872494,0.3501958971219873
Brazil,BRA,519056655.7,850907198.5,2010.0,2688727.173,1337904985.0,61.000383662872494,0.5180026387242799
Brazil,BRA,519056655.7,850907198.5,2011.0,1923161.102,989479016.3,61.000383662872494,0.3705108259148366
Brazil,BRA,519056655.7,850907198.5,2012.0,2918559.517,1458966082.0,61.000383662872494,0.5622814937348274
Brazil,BRA,519056655.7,850907198.5,2013.0,1945477.871,988672288.2,61.000383662872494,0.3748103120605067
Brazil,BRA,519056655.7,850907198.5,2014.0,2692910.39,1422902205.0,61.000383662872494,0.5188085655829497
Brazil,BRA,519056655.7,850907198.5,2015.0,2222653.781,1244682472.0,61.000383662872494,0.4282102457587271
Brazil,BRA,519056655.7,850907198.5,2016.0,5378610.28,2631722304.0,61.000383662872494,1.0362279764520896
Brazil,BRA,519056655.7,850907198.5,2017.0,4519545.898,2334531068.0,61.000383662872494,0.870723041188045
Brazil,BRA,519056655.7,850907198.5,2018.0,2948392.529,1718707378.0,61.000383662872494,0.568029038183471
Brazil,BRA,519056655.7,850907198.5,2019.0,2696542.179,1532889288.0,61.000383662872494,0.5195082558691868
Brazil,BRA,519056655.7,850907198.5,2020.0,3290644.631,1680953959.0,61.000383662872494,0.6339663685772867
Brazil,BRA,519056655.7,850907198.5,2021.0,2990028.761,1868490743.0,61.000383662872494,0.5760505579044441
Brazil,BRA,519056655.7,850907198.5,2022.0,3308334.446,2082946160.0,61.000383662872494,0.6373744387379792
Brazil,BRA,519056655.7,850907198.5,2023.0,2805354.98,1693710500.0,61.000383662872494,0.5404718250297161
China,CHN,162873594.1,935030049.5,2001.0,230308.1206,89847224.59,17.419075909602626,0.1414029830142982
China,CHN,162873594.1,935030049.5,2002.0,249183.9677,98390342.89,17.419075909602626,0.152992244738584
China,CHN,162873594.1,935030049.5,2003.0,261775.6097,92314973.73,17.419075909602626,0.1607231737879357
China,CHN,162873594.1,935030049.5,2004.0,501582.0761,191230572.9,17.419075909602626,0.3079578852984862
China,CHN,162873594.1,935030049.5,2005.0,383608.1682,162340468.1,17.419075909602626,0.2355250833136739
China,CHN,162873594.1,935030049.5,2006.0,575281.5783,231697408.8,17.419075909602626,0.3532073946540362
China,CHN,162873594.1,935030049.5,2007.0,653049.8315,301643572.6,17.419075909602626,0.4009550075373452
China,CHN,162873594.1,935030049.5,2008.0,738091.8941,341578096.1,17.419075909602626,0.4531685434821507
China,CHN,162873594.1,935030049.5,2009.0,599709.9611,276343454.7,17.419075909602626,0.3682057637481704
China,CHN,162873594.1,935030049.5,2010.0,627855.2494,283614092.3,17.419075909602626,0.3854862127095407
China,CHN,162873594.1,935030049.5,2011.0,598619.8202,287568914.2,17.419075909602626,0.3675364465970239
China,CHN,162873594.1,935030049.5,2012.0,605034.2964,287055410.3,17.419075909602626,0.3714747622186843
China,CHN,162873594.1,935030049.5,2013.0,441336.225,208191236.5,17.419075909602626,0.2709685553626522
China,CHN,162873594.1,935030049.5,2014.0,531701.609,253834119.2,17.419075909602626,0.3264504672706796
China,CHN,162873594.1,935030049.5,2015.0,490493.1725,238675076.0,17.419075909602626,0.3011495971525319
China,CHN,162873594.1,935030049.5,2016.0,718775.1242,349197661.2,17.419075909602626,0.441308567034317
China,CHN,162873594.1,935030049.5,2017.0,644430.7992,309889447.3,17.419075909602626,0.3956631538469869
China,CHN,162873594.1,935030049.5,2018.0,569767.2595,278978305.5,17.419075909602626,0.3498217514314679
China,CHN,162873594.1,935030049.5,2019.0,497026.8791,232481909.3,17.419075909602626,0.3051611170284846
China,CHN,162873594.1,935030049.5,2020.0,422361.0693,203155586.3,17.419075909602626,0.2593183208327076
China,CHN,162873594.1,935030049.5,2021.0,536772.3665,277590420.5,17.419075909602626,0.3295637758017645
China,CHN,162873594.1,935030049.5,2022.0,612008.5561,326479435.1,17.419075909602626,0.3757567698323421
China,CHN,162873594.1,935030049.5,2023.0,602762.2236,316109859.5,17.419075909602626,0.3700797707146563
France,FRA,16783019.86,54951533.04,2001.0,34420.96339,13050980.35,30.54149526234946,0.205093979969824
France,FRA,16783019.86,54951533.04,2002.0,33888.39717,13058178.61,30.54149526234946,0.2019207356762312
France,FRA,16783019.86,54951533.04,2003.0,26393.38944,10035276.73,30.54149526234946,0.1572624572941427
France,FRA,16783019.86,54951533.04,2004.0,76134.34456,30933768.26,30.54149526234946,0.4536391257061886
France,FRA,16783019.86,54951533.04,2005.0,46390.59105,19436093.06,30.54149526234946,0.2764138482643731
France,FRA,16783019.86,54951533.04,2006.0,55049.52962,24056766.0,30.54149526234946,0.3280072959408391
France,FRA,16783019.86,54951533.04,2007.0,49246.22293,22379664.58,30.54149526234946,0.2934288545255883
France,FRA,16783019.86,54951533.04,2008.0,86955.39993,41347558.82,30.54149526234946,0.5181153371405235
France,FRA,16783019.86,54951533.04,2009.0,67053.59918,29454493.23,30.54149526234946,0.3995323829641229
France,FRA,16783019.86,54951533.04,2010.0,143265.1595,62997849.22,30.54149526234946,0.853631591305285
France,FRA,16783019.86,54951533.04,2011.0,64074.31686,30463732.23,30.54149526234946,0.3817806175199271
France,FRA,16783019.86,54951533.04,2012.0,67302.66866,32353429.73,30.54149526234946,0.4010164393620636
France,FRA,16783019.86,54951533.04,2013.0,30351.84196,14733505.51,30.54149526234946,0.1808485136357337
France,FRA,16783019.86,54951533.04,2014.0,44359.11318,22078221.22,30.54149526234946,0.2643094839309807
France,FRA,16783019.86,54951533.04,2015.0,37292.58559,18552066.06,30.54149526234946,0.222204263005621
France,FRA,16783019.86,54951533.04,2016.0,60768.52021,29954100.69,30.54149526234946,0.3620833480322176
France,FRA,16783019.86,54951533.04,2017.0,69249.04325,34258558.85,30.54149526234946,0.4126137240357171
France,FRA,16783019.86,54951533.04,2018.0,69201.66343,35858263.38,30.54149526234946,0.4123314159624667
France,FRA,16783019.86,54951533.04,2019.0,81304.44768,43655938.4,30.54149526234946,0.4844446849150067
France,FRA,16783019.86,54951533.04,2020.0,77745.73714,43946716.82,30.54149526234946,0.4632404524843361
France,FRA,16783019.86,54951533.04,2021.0,112885.769,66514860.58,30.54149526234946,0.6726189323594115
France,FRA,16783019.86,54951533.04,2022.0,58785.76759,32292034.15,30.54149526234946,0.350269308386554
France,FRA,16783019.86,54951533.04,2023.0,86279.34438,50720412.6,30.54149526234946,0.5140871255573906
India,IND,32620760.32,297835739.8,2001.0,56791.85425,31996637.12,10.952601035021925,0.1740972733096614
India,IND,32620760.32,297835739.8,2002.0,47839.02298,26186229.74,10.952601035021925,0.1466520783412567
India,IND,32620760.32,297835739.8,2003.0,43831.0218,24228964.24,10.952601035021925,0.134365420578891
India,IND,32620760.32,297835739.8,2004.0,66411.42946,36019969.51,10.952601035021925,0.2035863934761898
India,IND,32620760.32,297835739.8,2005.0,56418.57623,31106880.3,10.952601035021925,0.1729529774185226
India,IND,32620760.32,297835739.8,2006.0,61011.71234,32999866.45,10.952601035021925,0.187033385308905
India,IND,32620760.32,297835739.8,2007.0,67730.81496,36558490.38,10.952601035021925,0.2076310125686242
India,IND,32620760.32,297835739.8,2008.0,78640.77739,42130949.9,10.952601035021925,0.2410758566586347
India,IND,32620760.32,297835739.8,2009.0,74155.04325,39859469.64,10.952601035021925,0.2273246929947708
India,IND,32620760.32,297835739.8,2010.0,47441.78702,26027577.42,10.952601035021925,0.1454343386071021
India,IND,32620760.32,297835739.8,2011.0,83414.64798,44399308.5,10.952601035021925,0.2557103119661436
India,IND,32620760.32,297835739.8,2012.0,88012.04683,47538973.99,10.952601035021925,0.2698037874244128
India,IND,32620760.32,297835739.8,2013.0,75407.13938,41229628.57,10.952601035021925,0.2311630343384957
India,IND,32620760.32,297835739.8,2014.0,132071.8566,71455358.56,10.952601035021925,0.4048705649543855
India,IND,32620760.32,297835739.8,2015.0,109677.6358,60981147.67,10.952601035021925,0.3362203539221492
India,IND,32620760.32,297835739.8,2016.0,164151.4374,92485127.97,10.952601035021925,0.5032115615630138
India,IND,32620760.32,297835739.8,2017.0,179259.8926,102143019.9,10.952601035021925,0.5495270215700478
India,IND,32620760.32,297835739.8,2018.0,125295.2681,69336585.19,10.952601035021925,0.384096712862884
India,IND,32620760.32,297835739.8,2019.0,115903.91,64725101.79,10.952601035021925,0.3553071996575707
India,IND,32620760.32,297835739.8,2020.0,130854.6034,72810172.0,10.952601035021925,0.4011390357439713
India,IND,32620760.32,297835739.8,2021.0,125753.2288,72534775.95,10.952601035021925,0.3855006062593209
India,IND,32620760.32,297835739.8,2022.0,114223.9413,65100664.32,10.952601035021925,0.350157201056925
India,IND,32620760.32,297835739.8,2023.0,136712.84,81054959.82,10.952601035021925,0.4190976502659273
Indonesia,IDN,160640822.2,189023580.6,2001.0,744083.9965,503083288.5,84.98454091817156,0.4631973282442525
Indonesia,IDN,160640822.2,189023580.6,2002.0,855270.4887,641643049.5,84.98454091817156,0.5324116728157534
Indonesia,IDN,160640822.2,189023580.6,2003.0,544811.9071,437532304.5,84.98454091817156,0.3391491027241518
Indonesia,IDN,160640822.2,189023580.6,2004.0,1289034.683,996525679.9,84.98454091817156,0.8024328220849956
Indonesia,IDN,160640822.2,189023580.6,2005.0,1182435.722,960834109.3,84.98454091817156,0.7360742467614189
Indonesia,IDN,160640822.2,189023580.6,2006.0,1433147.394,1036817154.0,84.98454091817156,0.8921439609016146
Indonesia,IDN,160640822.2,189023580.6,2007.0,1387620.767,1175307639.0,84.98454091817156,0.8638033271968649
Indonesia,IDN,160640822.2,189023580.6,2008.0,1396246.298,1040636991.0,84.98454091817156,0.8691727786736889
Indonesia,IDN,160640822.2,189023580.6,2009.0,1944957.344,1422248487.0,84.98454091817156,1.2107491217758473
Indonesia,IDN,160640822.2,189023580.6,2010.0,1279328.213,1041673447.0,84.98454091817156,0.7963904787583939
Indonesia,IDN,160640822.2,189023580.6,2011.0,1543627.694,1238960256.0,84.98454091817156,0.9609186960448712
Indonesia,IDN,160640822.2,189023580.6,2012.0,2260257.895,1785096764.0,84.98454091817156,1.4070258506184363
Indonesia,IDN,160640822.2,189023580.6,2013.0,1139299.824,872301040.7,84.98454091817156,0.7092218580539611
Indonesia,IDN,160640822.2,189023580.6,2014.0,1894358.959,1417302238.0,84.98454091817156,1.1792512843600227
Indonesia,IDN,160640822.2,189023580.6,2015.0,1746464.323,1269602921.0,84.98454091817156,1.0871858716121536
Indonesia,IDN,160640822.2,189023580.6,2016.0,2422066.01,1815773668.0,84.98454091817156,1.5077524982936743
Indonesia,IDN,160640822.2,189023580.6,2017.0,1300718.38,836976513.2,84.98454091817156,0.8097060026128278
Indonesia,IDN,160640822.2,189023580.6,2018.0,1218733.128,770821761.8,84.98454091817156,0.7586696278749501
Indonesia,IDN,160640822.2,189023580.6,2019.0,1176883.452,747939655.8,84.98454091817156,0.7326179210753567
Indonesia,IDN,160640822.2,189023580.6,2020.0,961584.7972,599003233.6,84.98454091817156,0.5985930500298448
Indonesia,IDN,160640822.2,189023580.6,2021.0,841390.1613,514506680.8,84.98454091817156,0.5237710749839527
Indonesia,IDN,160640822.2,189023580.6,2022.0,885237.2653,546402997.0,84.98454091817156,0.5510661942441178
Indonesia,IDN,160640822.2,189023580.6,2023.0,1395285.387,849245101.8,84.98454091817156,0.8685746050669805
Italy,ITA,9317984.942,30073303.78,2001.0,9870.964425,2689954.331,30.98424107362905,0.1059345393498919
Italy,ITA,9317984.942,30073303.78,2002.0,10931.65339,3058980.484,30.98424107362905,0.1173177833839002
Italy,ITA,9317984.942,30073303.78,2003.0,3613.14574,948650.3989,30.98424107362905,0.0387760418426312
Italy,ITA,9317984.942,30073303.78,2004.0,17222.3118,4788123.578,30.98424107362905,0.1848287146545165
Italy,ITA,9317984.942,30073303.78,2005.0,10892.54477,3148923.629,30.98424107362905,0.1168980722527551
Italy,ITA,9317984.942,30073303.78,2006.0,8901.385764,2573360.609,30.98424107362905,0.0955290850908954
Italy,ITA,9317984.942,30073303.78,2007.0,11588.99741,3417731.163,30.98424107362905,0.1243723560634189
Italy,ITA,9317984.942,30073303.78,2008.0,15149.3025,4648024.553,30.98424107362905,0.1625813155343903
Italy,ITA,9317984.942,30073303.78,2009.0,14791.6349,4651509.312,30.98424107362905,0.1587428504346256
Italy,ITA,9317984.942,30073303.78,2010.0,15804.29098,5108640.65,30.98424107362905,0.1696106087139457
Italy,ITA,9317984.942,30073303.78,2011.0,11446.73654,3655515.204,30.98424107362905,0.1228456217867968
Italy,ITA,9317984.942,30073303.78,2012.0,21486.63027,6514145.375,30.98424107362905,0.2305930992993012
Italy,ITA,9317984.942,30073303.78,2013.0,15522.54608,4738770.337,30.98424107362905,0.1665869410244857
Italy,ITA,9317984.942,30073303.78,2014.0,19831.91018,6693415.896,30.98424107362905,0.2128347524002684
Italy,ITA,9317984.942,30073303.78,2015.0,14124.30524,4770519.241,30.98424107362905,0.1515811125250475
Italy,ITA,9317984.942,30073303.78,2016.0,24717.64857,8438808.471,30.98424107362905,0.2652681746520899
Italy,ITA,9317984.942,30073303.78,2017.0,34091.51567,10500600.56,30.98424107362905,0.3658678982870586
Italy,ITA,9317984.942,30073303.78,2018.0,38839.61979,13913073.08,30.98424107362905,0.416824238628395
Italy,ITA,9317984.942,30073303.78,2019.0,59702.14653,25075059.36,30.98424107362905,0.640719499995088
Italy,ITA,9317984.942,30073303.78,2020.0,28245.35677,11102502.02,30.98424107362905,0.303127306448914
Italy,ITA,9317984.942,30073303.78,2021.0,28263.21656,10221952.29,30.98424107362905,0.3033189765375777
Italy,ITA,9317984.942,30073303.78,2022.0,28675.90863,11078303.61,30.98424107362905,0.3077479606212482
Italy,ITA,9317984.942,30073303.78,2023.0,44861.58568,19218294.3,30.98424107362905,0.48145157949108
Myanmar,MMR,42863360.74,66929632.3,2001.0,44804.16512,25293842.59,64.0424267503409,0.1045278866297314
Myanmar,MMR,42863360.74,66929632.3,2002.0,66119.46105,36739982.17,64.0424267503409,0.1542563623302114
Myanmar,MMR,42863360.74,66929632.3,2003.0,77224.38731,43268855.89,64.0424267503409,0.1801640981406629
Myanmar,MMR,42863360.74,66929632.3,2004.0,102186.1214,57156275.51,64.0424267503409,0.2383996953011669
Myanmar,MMR,42863360.74,66929632.3,2005.0,91847.19785,52392894.94,64.0424267503409,0.2142790398707313
Myanmar,MMR,42863360.74,66929632.3,2006.0,127463.913,69689194.65,64.0424267503409,0.2973726530058361
Myanmar,MMR,42863360.74,66929632.3,2007.0,146598.3898,82284241.87,64.0424267503409,0.3420132889001274
Myanmar,MMR,42863360.74,66929632.3,2008.0,119216.5609,67000571.06,64.0424267503409,0.2781316230034835
Myanmar,MMR,42863360.74,66929632.3,2009.0,216305.7202,122125856.0,64.0424267503409,0.504640131958071
Myanmar,MMR,42863360.74,66929632.3,2010.0,169912.7556,96950862.64,64.0424267503409,0.3964055843186317
Myanmar,MMR,42863360.74,66929632.3,2011.0,135716.9409,77913760.54,64.0424267503409,0.3166269246203768
Myanmar,MMR,42863360.74,66929632.3,2012.0,225188.429,128894644.6,64.0424267503409,0.5253634458715101
Myanmar,MMR,42863360.74,66929632.3,2013.0,248185.7821,142907838.2,64.0424267503409,0.5790161522924951
Myanmar,MMR,42863360.74,66929632.3,2014.0,331444.8138,185304911.5,64.0424267503409,0.7732590447363041
Myanmar,MMR,42863360.74,66929632.3,2015.0,293305.1752,164035699.5,64.0424267503409,0.6842794641771712
Myanmar,MMR,42863360.74,66929632.3,2016.0,362552.3911,205624010.5,64.0424267503409,0.8458328624747029
Myanmar,MMR,42863360.74,66929632.3,2017.0,341843.9039,193263009.0,64.0424267503409,0.7975200684182282
Myanmar,MMR,42863360.74,66929632.3,2018.0,278708.4385,155852359.3,64.0424267503409,0.6502253525816277
Myanmar,MMR,42863360.74,66929632.3,2019.0,309418.4582,172006636.7,64.0424267503409,0.7218716704853507
Myanmar,MMR,42863360.74,66929632.3,2020.0,310005.3815,173605902.6,64.0424267503409,0.7232409595235112
Myanmar,MMR,42863360.74,66929632.3,2021.0,304151.4553,174593722.0,64.0424267503409,0.7095837798275263
Myanmar,MMR,42863360.74,66929632.3,2022.0,260937.9263,151502218.1,64.0424267503409,0.6087668390791701
Myanmar,MMR,42863360.74,66929632.3,2023.0,307183.5941,181229694.3,64.0424267503409,0.7166577440423072
Nigeria,NGA,10048743.17,90840970.4,2001.0,43386.41818,15242038.24,11.061906456692803,0.4317596484058612
Nigeria,NGA,10048743.17,90840970.4,2002.0,32346.71006,12102876.47,11.061906456692803,0.3218980673779127
Nigeria,NGA,10048743.17,90840970.4,2003.0,13380.62899,4759868.456,11.061906456692803,0.1331572393047836
Nigeria,NGA,10048743.17,90840970.4,2004.0,14644.02434,5539930.252,11.061906456692803,0.1457299096241107
Nigeria,NGA,10048743.17,90840970.4,2005.0,13279.8991,5194238.186,11.061906456692803,0.1321548264826436
Nigeria,NGA,10048743.17,90840970.4,2006.0,26167.55795,10225854.07,11.061906456692803,0.2604062767582903
Nigeria,NGA,10048743.17,90840970.4,2007.0,24572.68287,10101695.37,11.061906456692803,0.2445348881376575
Nigeria,NGA,10048743.17,90840970.4,2008.0,27470.58229,11774463.4,11.061906456692803,0.2733733147047881
Nigeria,NGA,10048743.17,90840970.4,2009.0,25289.74206,10934805.87,11.061906456692803,0.2516706978391209
Nigeria,NGA,10048743.17,90840970.4,2010.0,32782.06424,15222622.46,11.061906456692803,0.3262304915690267
Nigeria,NGA,10048743.17,90840970.4,2011.0,53891.41224,22934073.87,11.061906456692803,0.5363000260658468
Nigeria,NGA,10048743.17,90840970.4,2012.0,34970.91954,16683899.66,11.061906456692803,0.348012870349835
Nigeria,NGA,10048743.17,90840970.4,2013.0,43434.8974,22565196.85,11.061906456692803,0.4322420890372901
Nigeria,NGA,10048743.17,90840970.4,2014.0,68637.2748,37271324.04,11.061906456692803,0.6830433780506304
Nigeria,NGA,10048743.17,90840970.4,2015.0,40927.69902,23163655.05,11.061906456692803,0.4072917212392045
Nigeria,NGA,10048743.17,90840970.4,2016.0,72189.61579,40953938.91,11.061906456692803,0.7183944754953867
Nigeria,NGA,10048743.17,90840970.4,2017.0,171045.5234,99251086.99,11.061906456692803,1.7021583744984896
Nigeria,NGA,10048743.17,90840970.4,2018.0,119823.068,69733180.82,11.061906456692803,1.19241845445633
Nigeria,NGA,10048743.17,90840970.4,2019.0,86895.12476,48616791.7,11.061906456692803,0.8647362490009783
Nigeria,NGA,10048743.17,90840970.4,2020.0,99199.51603,60291219.55,11.061906456692803,0.9871833158812836
Nigeria,NGA,10048743.17,90840970.4,2021.0,97193.20236,65091478.52,11.061906456692803,0.9672174989024024
Nigeria,NGA,10048743.17,90840970.4,2022.0,106189.3193,70495536.11,11.061906456692803,1.0567422960616877
Nigeria,NGA,10048743.17,90840970.4,2023.0,85267.49468,54693455.58,11.061906456692803,0.8485388992183787
Pakistan,PAK,681137.68,79238100.38,2001.0,191.3022295,63629.00529,0.8596087951799534,0.028085691794352
Pakistan,PAK,681137.68,79238100.38,2002.0,311.2960485,110694.9018,0.8596087951799534,0.0457023679118735
Pakistan,PAK,681137.68,79238100.38,2003.0,591.4408114,231356.1955,0.8596087951799534,0.0868313160123515
Pakistan,PAK,681137.68,79238100.38,2004.0,1087.500358,322506.2645,0.8596087951799534,0.1596594036612392
Pakistan,PAK,681137.68,79238100.38,2005.0,910.7826261,224287.7126,0.8596087951799534,0.1337149085776608
Pakistan,PAK,681137.68,79238100.38,2006.0,1261.462709,326643.3367,0.8596087951799534,0.1851993724675457
Pakistan,PAK,681137.68,79238100.38,2007.0,1083.75136,266685.0003,0.8596087951799534,0.159109001281503
Pakistan,PAK,681137.68,79238100.38,2008.0,995.0315205,312934.1967,0.8596087951799534,0.1460837580590168
Pakistan,PAK,681137.68,79238100.38,2009.0,878.9316756,218915.4882,0.8596087951799534,0.1290387687258763
Pakistan,PAK,681137.68,79238100.38,2010.0,690.4401956,174206.9938,0.8596087951799534,0.1013657320499432
Pakistan,PAK,681137.68,79238100.38,2011.0,449.8901996,128354.8933,0.8596087951799534,0.0660498182393903
Pakistan,PAK,681137.68,79238100.38,2012.0,223.2259205,76324.46396,0.8596087951799534,0.0327725109114503
Pakistan,PAK,681137.68,79238100.38,2013.0,58.02100167,23283.62177,0.8596087951799534,0.0085182487144155
Pakistan,PAK,681137.68,79238100.38,2014.0,34.82787293,15038.45174,0.8596087951799534,0.0051131913492144
Pakistan,PAK,681137.68,79238100.38,2015.0,2.41608826,1075.438895,0.8596087951799534,0.0003547136402731
Pakistan,PAK,681137.68,79238100.38,2017.0,186.3640951,36267.55013,0.8596087951799534,0.0273607084987575
Pakistan,PAK,681137.68,79238100.38,2018.0,73.64783527,23189.34506,0.8596087951799534,0.0108124741050884
Pakistan,PAK,681137.68,79238100.38,2019.0,78.28540945,30426.87644,0.8596087951799534,0.0114933311940693
Pakistan,PAK,681137.68,79238100.38,2020.0,66.93545054,24752.42001,0.8596087951799534,0.0098270074473049
Pakistan,PAK,681137.68,79238100.38,2021.0,57.29336735,20097.75613,0.8596087951799534,0.0084114223940745
Pakistan,PAK,681137.68,79238100.38,2022.0,44.31425311,17597.53847,0.8596087951799534,0.0065059171458551
Pakistan,PAK,681137.68,79238100.38,2023.0,141.4066808,59028.865,0.8596087951799534,0.0207603668027879
Philippines,PHL,18599368.16,29585613.32,2001.0,35165.04253,20779324.98,62.86625853866192,0.1890657909854503
Philippines,PHL,18599368.16,29585613.32,2002.0,32308.66643,19356997.4,62.86625853866192,0.1737084085441319
Philippines,PHL,18599368.16,29585613.32,2003.0,35153.83453,20974624.03,62.86625853866192,0.1890055308739047
Philippines,PHL,18599368.16,29585613.32,2004.0,48579.05944,29863416.89,62.86625853866192,0.261186611405836
Philippines,PHL,18599368.16,29585613.32,2005.0,49781.1334,30019282.56,62.86625853866192,0.2676495941784723
Philippines,PHL,18599368.16,29585613.32,2006.0,57428.23053,34607164.03,62.86625853866192,0.3087644162746655
Philippines,PHL,18599368.16,29585613.32,2007.0,66497.03978,40203189.66,62.86625853866192,0.3575231115807968
Philippines,PHL,18599368.16,29585613.32,2008.0,38702.77647,23724553.69,62.86625853866192,0.2080865120635366
Philippines,PHL,18599368.16,29585613.32,2009.0,60889.77552,36750504.52,62.86625853866192,0.3273755054268467
Philippines,PHL,18599368.16,29585613.32,2010.0,102649.4294,61507389.2,62.86625853866192,0.5518974005835261
Philippines,PHL,18599368.16,29585613.32,2011.0,33252.63439,21040252.4,62.86625853866192,0.1787836775096127
Philippines,PHL,18599368.16,29585613.32,2012.0,59587.14724,36942260.59,62.86625853866192,0.32037188966531
Philippines,PHL,18599368.16,29585613.32,2013.0,58871.21441,36719427.58,62.86625853866192,0.3165226576707539
Philippines,PHL,18599368.16,29585613.32,2014.0,102456.0346,62610381.35,62.86625853866192,0.5508576082726457
Philippines,PHL,18599368.16,29585613.32,2015.0,65895.72467,39042543.84,62.86625853866192,0.3542901248211003
Philippines,PHL,18599368.16,29585613.32,2016.0,129109.1068,76805890.15,62.86625853866192,0.6941585632874531
Philippines,PHL,18599368.16,29585613.32,2017.0,114280.3138,69090879.55,62.86625853866192,0.6144311614077971
Philippines,PHL,18599368.16,29585613.32,2018.0,70533.19669,42765494.16,62.86625853866192,0.3792236170779685
Philippines,PHL,18599368.16,29585613.32,2019.0,64038.08109,39020197.97,62.86625853866192,0.3443024544657435
Philippines,PHL,18599368.16,29585613.32,2020.0,63727.29574,38981726.0,62.86625853866192,0.3426315087254017
Philippines,PHL,18599368.16,29585613.32,2021.0,48882.8247,30304519.42,62.86625853866192,0.2628198134446735
Philippines,PHL,18599368.16,29585613.32,2022.0,84543.24261,54071100.44,62.86625853866192,0.4545490034001241
Philippines,PHL,18599368.16,29585613.32,2023.0,42735.90256,26598960.11,62.86625853866192,0.2297707222759765
Russia,RUS,761226509.4,1689455497.0,2001.0,1826603.242,295423570.2,45.05750585035979,0.2399552852461394
Russia,RUS,761226509.4,1689455497.0,2002.0,2700383.934,364215605.5,45.05750585035979,0.3547411842144655
Russia,RUS,761226509.4,1689455497.0,2003.0,3030069.23,388617247.3,45.05750585035979,0.3980509339313873
Russia,RUS,761226509.4,1689455497.0,2004.0,3521018.207,577999413.9,45.05750585035979,0.4625454005503923
Russia,RUS,761226509.4,1689455497.0,2005.0,1589993.935,332079205.6,45.05750585035979,0.2088726437355992
Russia,RUS,761226509.4,1689455497.0,2006.0,2233421.04,386748260.4,45.05750585035979,0.2933976960104012
Russia,RUS,761226509.4,1689455497.0,2007.0,2338922.832,442230295.9,45.05750585035979,0.3072571439798573
Russia,RUS,761226509.4,1689455497.0,2008.0,3047987.665,506956245.0,45.05750585035979,0.4004048239731468
Russia,RUS,761226509.4,1689455497.0,2009.0,2111642.468,416266680.0,45.05750585035979,0.2774000171991383
Russia,RUS,761226509.4,1689455497.0,2010.0,1859545.506,419105115.1,45.05750585035979,0.2442828097862352
Russia,RUS,761226509.4,1689455497.0,2011.0,3021488.596,556508304.1,45.05750585035979,0.3969237222678362
Russia,RUS,761226509.4,1689455497.0,2012.0,5391243.47,916106215.3,45.05750585035979,0.7082311773731299
Russia,RUS,761226509.4,1689455497.0,2013.0,4965536.915,836566177.8,45.05750585035979,0.652307408331568
Russia,RUS,761226509.4,1689455497.0,2014.0,4489888.744,666007114.9,45.05750585035979,0.5898229618328633
Russia,RUS,761226509.4,1689455497.0,2015.0,2332110.881,442670469.8,45.05750585035979,0.3063622787963826
Russia,RUS,761226509.4,1689455497.0,2016.0,5051685.62,844185715.2,45.05750585035979,0.6636245004107578
Russia,RUS,761226509.4,1689455497.0,2017.0,5288940.621,993387227.9,45.05750585035979,0.6947919647686406
Russia,RUS,761226509.4,1689455497.0,2018.0,5560431.581,1109955371.0,45.05750585035979,0.7304569024248435
Russia,RUS,761226509.4,1689455497.0,2019.0,3686557.282,599855141.3,45.05750585035979,0.4842917628953504
Russia,RUS,761226509.4,1689455497.0,2020.0,5442086.246,821908870.5,45.05750585035979,0.7149102374652536
Russia,RUS,761226509.4,1689455497.0,2021.0,6518851.437,884287029.4,45.05750585035979,0.8563615896848061
Russia,RUS,761226509.4,1689455497.0,2022.0,4287817.227,711745213.2,45.05750585035979,0.5632774442366261
Russia,RUS,761226509.4,1689455497.0,2023.0,3354720.805,654995100.9,45.05750585035979,0.4406994191051224
Spain,ESP,11018935.46,50604330.63,2001.0,32811.05352,9700001.52,21.77468869327874,0.2977697223031016
Spain,ESP,11018935.46,50604330.63,2002.0,37699.26142,10974289.78,21.77468869327874,0.342131611142044
Spain,ESP,11018935.46,50604330.63,2003.0,23315.39373,7039084.787,21.77468869327874,0.2115938859487611
Spain,ESP,11018935.46,50604330.63,2004.0,67273.04966,19458306.76,21.77468869327874,0.6105222224434373
Spain,ESP,11018935.46,50604330.63,2005.0,48955.11196,13798740.54,21.77468869327874,0.4442816834503902
Spain,ESP,11018935.46,50604330.63,2006.0,72718.77486,22411306.29,21.77468869327874,0.6599437406996119
Spain,ESP,11018935.46,50604330.63,2007.0,60256.37777,22057854.03,21.77468869327874,0.5468439123610221
Spain,ESP,11018935.46,50604330.63,2008.0,44287.97416,17028547.17,21.77468869327874,0.4019260691812781
Spain,ESP,11018935.46,50604330.63,2009.0,67544.71936,24310689.39,21.77468869327874,0.6129877028973904
Spain,ESP,11018935.46,50604330.63,2010.0,56093.48286,21497044.93,21.77468869327874,0.5090644469570202
Spain,ESP,11018935.46,50604330.63,2011.0,39325.33284,15554105.33,21.77468869327874,0.3568886757051575
Spain,ESP,11018935.46,50604330.63,2012.0,80495.77219,24573076.69,21.77468869327874,0.730522222243781
Spain,ESP,11018935.46,50604330.63,2013.0,63956.04495,23926447.01,21.77468869327874,0.5804194532418107
Spain,ESP,11018935.46,50604330.63,2014.0,74226.4322,29646749.12,21.77468869327874,0.6736261635205184
Spain,ESP,11018935.46,50604330.63,2015.0,65413.69408,25876959.37,21.77468869327874,0.5936480372124804
Spain,ESP,11018935.46,50604330.63,2016.0,107562.1844,42592105.23,21.77468869327874,0.9761576768505728
Spain,ESP,11018935.46,50604330.63,2017.0,98458.68885,35445044.63,21.77468869327874,0.893540843463657
Spain,ESP,11018935.46,50604330.63,2018.0,119648.8391,51934863.76,21.77468869327874,1.0858475352209749
Spain,ESP,11018935.46,50604330.63,2019.0,71021.86483,32162285.15,21.77468869327874,0.644543795431215
Spain,ESP,11018935.46,50604330.63,2020.0,101988.1764,46460003.74,21.77468869327874,0.9255719553874217
Spain,ESP,11018935.46,50604330.63,2021.0,85791.95742,38435665.82,21.77468869327874,0.7785866223777664
Spain,ESP,11018935.46,50604330.63,2022.0,137820.5641,46144639.74,21.77468869327874,1.2507611520214856
Spain,ESP,11018935.46,50604330.63,2023.0,85868.66958,37419391.03,21.77468869327874,0.7792828072340846
Tanzania,TZA,26405606.71,94052972.43,2001.0,82214.12863,30464022.28,28.075249540521085,0.3113510306084537
Tanzania,TZA,26405606.71,94052972.43,2002.0,85080.21703,29459830.33,28.075249540521085,0.3222051209214575
Tanzania,TZA,26405606.71,94052972.43,2003.0,84066.91857,28046074.26,28.075249540521085,0.3183676841561199
Tanzania,TZA,26405606.71,94052972.43,2004.0,66892.20697,21848381.4,28.075249540521085,0.2533257716993392
Tanzania,TZA,26405606.71,94052972.43,2005.0,91583.71975,30385513.01,28.075249540521085,0.3468343702752967
Tanzania,TZA,26405606.71,94052972.43,2006.0,85294.78054,26918262.08,28.075249540521085,0.3230176889202028
Tanzania,TZA,26405606.71,94052972.43,2007.0,121682.5498,40811435.65,28.075249540521085,0.4608208822330066
Tanzania,TZA,26405606.71,94052972.43,2008.0,164248.2226,53623452.16,28.075249540521085,0.6220202565457358
Tanzania,TZA,26405606.71,94052972.43,2009.0,143354.2301,47350385.88,28.075249540521085,0.5428931502100676
Tanzania,TZA,26405606.71,94052972.43,2010.0,138482.2244,48452886.92,28.075249540521085,0.5244425016280946
Tanzania,TZA,26405606.71,94052972.43,2011.0,137795.8248,47775829.59,28.075249540521085,0.5218430552016655
Tanzania,TZA,26405606.71,94052972.43,2012.0,154429.7037,53402768.11,28.075249540521085,0.5848367939279968
Tanzania,TZA,26405606.71,94052972.43,2013.0,181508.8307,61164914.88,28.075249540521085,0.6873874654478636
Tanzania,TZA,26405606.71,94052972.43,2014.0,198220.5631,68599700.91,28.075249540521085,0.7506760411792863
Tanzania,TZA,26405606.71,94052972.43,2015.0,111960.1549,39271417.7,28.075249540521085,0.4240014483651301
Tanzania,TZA,26405606.71,94052972.43,2016.0,152852.5566,54340533.94,28.075249540521085,0.5788640203525928
Tanzania,TZA,26405606.71,94052972.43,2017.0,194869.3201,69627981.92,28.075249540521085,0.7379846342489134
Tanzania,TZA,26405606.71,94052972.43,2018.0,171703.4248,60818654.28,28.075249540521085,0.6502536627381283
Tanzania,TZA,26405606.71,94052972.43,2019.0,142771.0136,51708241.67,28.075249540521085,0.5406844658711498
Tanzania,TZA,26405606.71,94052972.43,2020.0,186208.9547,69947245.0,28.075249540521085,0.7051871852256334
Tanzania,TZA,26405606.71,94052972.43,2021.0,165067.5453,65334727.84,28.075249540521085,0.6251230926554991
Tanzania,TZA,26405606.71,94052972.43,2022.0,160656.6694,63981136.69,28.075249540521085,0.6084187769832916
Tanzania,TZA,26405606.71,94052972.43,2023.0,229024.8011,90072903.77,28.075249540521085,0.8673339856011208
Thailand,THA,19955448.41,51393933.81,2001.0,36092.89513,19745119.62,38.82841209192895,0.1808673721003095
Thailand,THA,19955448.41,51393933.81,2002.0,60879.86595,33420706.3,38.82841209192895,0.3050789172920419
Thailand,THA,19955448.41,51393933.81,2003.0,58435.71847,31889082.57,38.82841209192895,0.2928308964519028
Thailand,THA,19955448.41,51393933.81,2004.0,91799.73014,50345983.09,38.82841209192895,0.4600233893716848
Thailand,THA,19955448.41,51393933.81,2005.0,84259.43747,47936054.88,38.82841209192895,0.4222377555183186
Thailand,THA,19955448.41,51393933.81,2006.0,99799.77935,55307163.3,38.82841209192895,0.5001129380785485
Thailand,THA,19955448.41,51393933.81,2007.0,92616.93248,51572010.61,38.82841209192895,0.4641185233080914
Thailand,THA,19955448.41,51393933.81,2008.0,80119.7538,45892046.12,38.82841209192895,0.4014931268587815
Thailand,THA,19955448.41,51393933.81,2009.0,132624.6671,76164790.17,38.82841209192895,0.6646037932855451
Thailand,THA,19955448.41,51393933.81,2010.0,134876.1601,78751701.16,38.82841209192895,0.6758863911692977
Thailand,THA,19955448.41,51393933.81,2011.0,94521.75661,53946402.21,38.82841209192895,0.4736639070592551
Thailand,THA,19955448.41,51393933.81,2012.0,114478.8922,64065249.46,38.82841209192895,0.5736723617928463
Thailand,THA,19955448.41,51393933.81,2013.0,84738.05685,50751594.19,38.82841209192895,0.4246361951332367
Thailand,THA,19955448.41,51393933.81,2014.0,137591.9689,84774833.3,38.82841209192895,0.6894957511004887
Thailand,THA,19955448.41,51393933.81,2015.0,120750.3345,74918743.96,38.82841209192895,0.6050995799196877
Thailand,THA,19955448.41,51393933.81,2016.0,171583.854,106550578.5,38.82841209192895,0.8598346199728417
Thailand,THA,19955448.41,51393933.81,2017.0,196352.8462,127926805.4,38.82841209192895,0.983956071373492
Thailand,THA,19955448.41,51393933.81,2018.0,133517.4864,88417208.89,38.82841209192895,0.6690778561161883
Thailand,THA,19955448.41,51393933.81,2019.0,129770.7635,83822586.87,38.82841209192895,0.6503024178347692
Thailand,THA,19955448.41,51393933.81,2020.0,119391.7231,78590911.92,38.82841209192895,0.5982913570620185
Thailand,THA,19955448.41,51393933.81,2021.0,122793.6751,90065988.2,38.82841209192895,0.6153390922474389
Thailand,THA,19955448.41,51393933.81,2022.0,110658.3864,83646886.51,38.82841209192895,0.5545271853903683
Thailand,THA,19955448.41,51393933.81,2023.0,141859.3363,108503233.8,38.82841209192895,0.7108802237132992
Turkey,TUR,10060811.77,78070309.27,2001.0,22909.88025,5362694.27,12.886860400674829,0.2277140331589764
Turkey,TUR,10060811.77,78070309.27,2002.0,25722.22142,6036879.592,12.886860400674829,0.2556674551520806
Turkey,TUR,10060811.77,78070309.27,2003.0,17743.8801,4257554.632,12.886860400674829,0.1763662863955956
Turkey,TUR,10060811.77,78070309.27,2004.0,28977.87404,7475945.871,12.886860400674829,0.2880271960400666
Turkey,TUR,10060811.77,78070309.27,2005.0,20410.60263,5204962.883,12.886860400674829,0.2028723237906279
Turkey,TUR,10060811.77,78070309.27,2006.0,25884.76542,6346024.645,12.886860400674829,0.2572830703103394
Turkey,TUR,10060811.77,78070309.27,2007.0,25344.02094,6554115.412,12.886860400674829,0.2519083103768276
Turkey,TUR,10060811.77,78070309.27,2008.0,28891.37388,7043477.894,12.886860400674829,0.2871674228728761
Turkey,TUR,10060811.77,78070309.27,2009.0,28108.25361,7658614.609,12.886860400674829,0.2793835552496377
Turkey,TUR,10060811.77,78070309.27,2010.0,17007.96514,4883784.822,12.886860400674829,0.1690516185852466
Turkey,TUR,10060811.77,78070309.27,2011.0,23887.93276,6796273.003,12.886860400674829,0.2374354406592779
Turkey,TUR,10060811.77,78070309.27,2012.0,28467.09027,7782225.921,12.886860400674829,0.2829502322554634
Turkey,TUR,10060811.77,78070309.27,2013.0,22542.89505,6273062.066,12.886860400674829,0.2240663632851169
Turkey,TUR,10060811.77,78070309.27,2014.0,22005.44149,6394866.169,12.886860400674829,0.2187243136345845
Turkey,TUR,10060811.77,78070309.27,2015.0,27734.97971,8791859.623,12.886860400674829,0.275673378491207
Turkey,TUR,10060811.77,78070309.27,2016.0,25633.04773,8208235.153,12.886860400674829,0.2547811082842672
Turkey,TUR,10060811.77,78070309.27,2017.0,33901.00135,11102146.13,12.886860400674829,0.3369608946575093
Turkey,TUR,10060811.77,78070309.27,2018.0,35668.33084,12782283.67,12.886860400674829,0.3545273647436504
Turkey,TUR,10060811.77,78070309.27,2019.0,39117.93433,13714904.27,12.886860400674829,0.388814891126822
Turkey,TUR,10060811.77,78070309.27,2020.0,45348.46361,15988571.09,12.886860400674829,0.4507435845805512
Turkey,TUR,10060811.77,78070309.27,2021.0,79284.17249,25294420.71,12.886860400674829,0.7880494566692405
Turkey,TUR,10060811.77,78070309.27,2022.0,53403.76925,18513418.97,12.886860400674829,0.530809744490429
Turkey,TUR,10060811.77,78070309.27,2023.0,54043.73077,20749663.31,12.886860400674829,0.5371706777295169
Vietnam,VNM,16550834.58,32926971.33,2001.0,47456.83041,24262725.83,50.265280745455065,0.286733760648824
Vietnam,VNM,16550834.58,32926971.33,2002.0,49624.49224,25405281.92,50.265280745455065,0.2998307547582292
Vietnam,VNM,16550834.58,32926971.33,2003.0,43005.45382,22451034.43,50.265280745455065,0.2598385816263774
Vietnam,VNM,16550834.58,32926971.33,2004.0,73881.78408,40098315.39,50.265280745455065,0.4463931031567352
Vietnam,VNM,16550834.58,32926971.33,2005.0,102213.0851,56363606.94,50.265280745455065,0.6175705799362777
Vietnam,VNM,16550834.58,32926971.33,2006.0,78782.15638,44889934.22,50.265280745455065,0.4760011103923437
Vietnam,VNM,16550834.58,32926971.33,2007.0,80229.67167,46374978.97,50.265280745455065,0.4847469853088218
Vietnam,VNM,16550834.58,32926971.33,2008.0,108304.6231,66523666.92,50.265280745455065,0.6543756000732139
Vietnam,VNM,16550834.58,32926971.33,2009.0,137761.4522,87014815.5,50.265280745455065,0.8323535078193018
Vietnam,VNM,16550834.58,32926971.33,2010.0,174282.1387,109622300.9,50.265280745455065,1.0530111811437126
Vietnam,VNM,16550834.58,32926971.33,2011.0,130810.6716,90211513.87,50.265280745455065,0.7903569512927848
Vietnam,VNM,16550834.58,32926971.33,2012.0,181275.7218,128710936.4,50.265280745455065,1.095266350006623
Vietnam,VNM,16550834.58,32926971.33,2013.0,132424.9203,93722647.2,50.265280745455065,0.8001102280366095
Vietnam,VNM,16550834.58,32926971.33,2014.0,217325.1724,144034999.7,50.265280745455065,1.3130768200814198
Vietnam,VNM,16550834.58,32926971.33,2015.0,217883.2532,145570034.3,50.265280745455065,1.3164487394689437
Vietnam,VNM,16550834.58,32926971.33,2016.0,353430.5178,256123229.2,50.265280745455065,2.13542414487717
Vietnam,VNM,16550834.58,32926971.33,2017.0,286999.889,223236801.4,50.265280745455065,1.734050857754389
Vietnam,VNM,16550834.58,32926971.33,2018.0,225177.0536,184037071.5,50.265280745455065,1.3605178186730449
Vietnam,VNM,16550834.58,32926971.33,2019.0,216776.9139,168050216.0,50.265280745455065,1.3097642469459083
Vietnam,VNM,16550834.58,32926971.33,2020.0,207647.8319,157081750.2,50.265280745455065,1.254606412119672
Vietnam,VNM,16550834.58,32926971.33,2021.0,193094.0257,168387714.3,50.265280745455065,1.1666724403936373
Vietnam,VNM,16550834.58,32926971.33,2022.0,165149.4538,142322719.2,50.265280745455065,0.9978315776267036
Vietnam,VNM,16550834.58,32926971.33,2023.0,135320.6737,117827967.0,50.265280745455065,0.8176063451417809
